Name,Email,Phone,Address
Nandini,nandinijindal010@gmail.com,8054821129,ABC
Nandini2,nandinijindal41@gmail.com,9463093121,XYZ
Aryan Goyal,goyalaryan51@gmail.com,234567543,REW
kshitij,kshitijgupta070704@gmail.com,234565432,Address Placeholder
John Doe,johndoe@example.com,123-456-7890,123 Main St
Jane Smith,janesmith@example.com,987-654-3210,456 Elm St
Alice Johnson,alicejohnson@example.com,555-555-5555,789 Oak St
Bob Brown,bobbrown@example.com,111-222-3333,101 Pine St
